id;cik;ccc;payment_amount;name;email;phone
1;68944;22236;17153;Wooden;Joseph_Hackett@gmail.com;877.436.1427
2;16205;68461;28613;Account European Shirt;Nigel.Swift@yahoo.com;238.958.5131
3;97828;81205;85432;zero Integration extend;Muriel.Goodwin80@gmail.com;1-445-712-1216
4;60076;50226;35404;Dobra methodical transparent;Demetris17@hotmail.com;499.347.7996 x00871
5;28704;29064;87764;Designer;Murl.Hauck@hotmail.com;675-408-3804
6;63406;26234;34076;Right-sized Chief;Dolly_DuBuque@gmail.com;234.953.7863 x1276
7;3142;89984;50995;panel;Jayda_Cruickshank95@hotmail.com;1-532-570-4665
8;92421;97291;36118;partnerships Borders;Pietro_Gaylord75@yahoo.com;(238) 695-9549
9;86207;21198;87615;productize Bike;Bernie.Willms@yahoo.com;437.596.5464
10;75598;92058;52906;core Rubber invoice;Anita99@yahoo.com;(837) 603-1689 x27126
